<resources>
    <string name="app_name">Savior</string>
    <string name="APP_NAME">Savior</string>
    <string name="VERSION">Ver 1.0.0</string>
    <string name="LOADING">Loading...</string>
    <string name="REGISTRATION">Registration</string>
    <string name="CONFIRM_PASSWORD">Confirm Password</string>
    <string name="EMAIL_ADDRESS">Enter mail ID</string>
    <string name="MOBILE_NUMBER">Enter mobile number</string>
    <string name="USERNAME">Enter Username</string>
    <string name="PASSWORD">Enter Password</string>
    <string name="SIGNUP">Register</string>
    <string name="LOGIN">Login</string>
    <string name="WELCOME">Welcome to Savior</string>
    <string name="REGISTER"><u>No account yet... Register Here</u></string>

</resources>
