<resources>

    <!-- Base application theme. -->
    <style name="AppTheme" parent="Theme.AppCompat.Light.DarkActionBar">
        <!-- Customize your theme here. -->
        <item name="colorPrimary">@color/colorPrimary</item>
        <item name="colorPrimaryDark">@color/colorPrimaryDark</item>
        <item name="colorAccent">@color/colorAccent</item>
    </style>

    <style name="LinearLayoutStyle">
        <item name="android:layout_width">match_parent</item>
        <item name="android:layout_height">3dp</item>
        <item name="android:background">@color/colorPrimaryDark</item>
        <item name="android:layout_marginLeft">5dp</item>
        <item name="android:layout_marginRight">5dp</item>
        <item name="android:layout_marginTop">10dp</item>

    </style>

    <style name="EditTextStyle">
        <item name="android:background">#00000000</item>
        <item name="android:layout_width">match_parent</item>
        <item name="android:layout_height">wrap_content</item>
        <item name="android:layout_marginLeft">10dp</item>
        <item name="android:layout_marginRight">10dp</item>
        <item name="android:textSize">18sp</item>
        <item name="android:textColor">@color/primary_text</item>
        <item name="android:textColorHint">@color/primary_text</item>
    </style>
    <style name="ButtonStyle">
        <item name="android:layout_width">wrap_content</item>
        <item name="android:layout_height">wrap_content</item>
        <item name="android:gravity">center</item>
        <item name="android:background">@drawable/button_selector</item>
        <item name="android:textStyle">bold</item>
        <item name="android:textColor">@color/buttonTextColor</item>
        <item name="android:textSize">20sp</item>
    </style>

</resources>
